id,n_visits,age_first,age_last,follow_up_time,height_fitst,log_fev1_first
1,7,9.3415,16.3723,7.030799999999999,1.2,0.21511
2,8,6.5873,17.6318,11.0445,1.13,0.30748
3,9,6.9131,16.0164,9.1033,1.18,0.43178
4,10,6.7598,17.7878,11.028,1.15,0.05827
5,7,6.5024,17.5222,11.019800000000002,1.11,0.02956
6,11,6.8994,16.9802,10.0808,1.24,0.26236
7,7,6.4339,17.4894,11.055499999999999,1.18,-0.03046
8,9,7.1869,18.2094,11.022499999999999,1.27,0.27003
9,9,6.8966,15.0116,8.114999999999998,1.17,0.157
10,10,7.7892,17.0294,9.240199999999998,1.13,0.14842
11,6,7.614,17.7632,10.1492,1.32,0.38526
12,1,7.9918,7.9918,0,1.26,0.48858
13,3,7.5483,18.6092,11.0609,1.25,0.3293
14,1,7.4251,7.4251,0,1.27,0.37156
15,5,7.8412,17.9877,10.1465,1.25,0.23111
16,11,6.5079,17.4648,10.956900000000001,1.2,0.23902
17,1,6.6639,6.6639,0,1.17,0.28518
18,12,7.0554,18.0315,10.976100000000002,1.19,0.21511
19,1,6.7543,6.7543,0,1.2,0.3293
20,10,7.1348,18.1109,10.9761,1.24,0.54232
21,9,6.6119,14.6995,8.0876,1.21,0.17395
22,8,7.3703,18.2752,10.904900000000001,1.23,0.39878
23,12,6.9158,17.8919,10.976099999999999,1.22,0.157
24,2,6.5216,7.4743,0.9527000000000001,1.18,0.19062
25,2,8.0274,8.9829,0.9555000000000007,1.32,0.40547
26,11,7.5181,17.6564,10.138300000000001,1.24,0.16551
27,11,8.0246,18.026,10.0014,1.3,0.56531
28,7,8.1615,18.2806,10.1191,1.37,0.45108
29,9,8.3039,18.2724,9.9685,1.41,0.50078
30,11,7.6715,17.6756,10.0041,1.3,0.44469
31,11,8.2108,18.2122,10.001399999999999,1.25,0.32208
32,4,8.2738,13.3333,5.0595,1.32,0.04879
33,2,7.6304,8.5832,0.9527999999999999,1.27,0.51879
34,1,7.6359,7.6359,0,1.27,0.41211
35,12,7.0171,18.0068,10.9897,1.14,0.06766
36,3,6.7734,8.7447,1.9713000000000003,1.18,0.19062
37,9,6.7652,17.7248,10.959599999999998,1.24,0.11333
38,12,6.7625,17.7769,11.014400000000002,1.23,0.3293
39,12,7.3292,18.319,10.989799999999999,1.29,0.3001
40,12,7.2307,18.2231,10.9924,1.27,0.52473
41,9,7.7618,17.8015,10.0397,1.31,0.28518
42,5,8.1944,18.2204,10.026000000000002,1.26,0.39204
43,9,8.0164,17.0869,9.0705,1.31,0.35767
44,7,7.7618,17.6947,9.9329,1.2,0.28518
45,10,7.5784,16.794,9.2156,1.28,0.58779
46,11,8.397,18.3956,9.998600000000001,1.36,0.47
47,11,8.0931,18.1848,10.0917,1.21,0.04879
48,4,8.2793,11.2991,3.0198,1.24,0.35066
49,1,7.6906,7.6906,0,1.3,0.46373
50,9,7.5044,16.6407,9.136299999999999,1.25,0.3001
51,11,7.614,17.6126,9.9986,1.27,0.23902
52,1,7.3703,7.3703,0,1.23,0.157
53,12,6.9405,17.8617,10.921199999999999,1.19,0.09531
54,10,7.0418,18.0068,10.964999999999998,1.13,0.11333
55,7,6.5626,17.5414,10.9788,1.14,0.03922
56,4,6.9925,14.0233,7.030800000000001,1.22,0.18232
57,6,7.2142,18.1383,10.924100000000001,1.25,0.37844
58,1,7.5893,7.5893,0,1.23,0.39878
59,2,8.0602,9.1061,1.0458999999999996,1.28,0.45108
60,12,7.0116,17.9959,10.9843,1.22,0.32208
61,9,7.7016,16.7064,9.0048,1.2,0.29267
62,6,6.924,17.8973,10.973300000000002,1.22,0.3293
63,1,7.039,7.039,0,1.25,0.45742
64,11,6.4832,17.4648,10.9816,1.2,0.03922
65,1,8.0192,8.0192,0,1.25,0.22314
66,9,7.6057,16.7337,9.128,1.33,0.67294
67,11,7.6988,17.6893,9.990499999999999,1.32,0.41211
68,9,7.8001,17.87,10.0699,1.25,0.24686
69,9,10.3546,18.4038,8.0492,1.38,0.32208
70,10,7.3539,17.347,9.993100000000002,1.32,0.35066
71,10,8.0493,18.1355,10.0862,1.24,0.26236
72,10,6.7789,16.8241,10.045200000000001,1.2,0.22314
73,12,6.5243,17.5441,11.0198,1.17,0.06766
74,10,6.6995,17.7413,11.041799999999999,1.22,0.23902
75,9,8.2738,18.3162,10.042399999999999,1.21,0.00995
76,11,6.8528,17.8754,11.022599999999999,1.19,0.32208
77,12,7.4853,18.527,11.041700000000002,1.31,0.45742
78,11,7.5236,17.6482,10.1246,1.28,0.46373
79,10,8.6626,17.5962,8.9336,1.26,0.3293
80,11,8.4244,18.527,10.1026,1.31,0.20701
81,7,9.3114,15.3347,6.023299999999999,1.2,0.16551
82,12,6.7734,17.755,10.9816,1.29,0.35066
83,3,7.2936,9.2786,1.9850000000000012,1.18,0.27003
84,1,7.3046,7.3046,0,1.17,0.30748
85,11,6.6283,17.6181,10.989799999999999,1.12,-0.0202
86,2,7.2416,8.2984000000000009,1.0568000000000008,1.21,0.157
87,8,7.1403,17.358,10.2177,1.19,0.13103
88,8,7.217,14.3874,7.1704,1.32,0.47623
89,9,7.3128,18.3491,11.0363,1.17,-0.04082
90,10,8.2081,18.2861,10.078000000000001,1.25,0.27003
91,1,7.9343,7.9343,0,1.22,0.39878
92,8,6.7461,15.8303,9.0842,1.18,0.07696
93,11,7.718,17.7823,10.0643,1.2,0.30748
94,3,6.4613,8.4956,2.0343,1.14,-0.03046
95,11,6.8172,16.8624,10.045200000000001,1.23,0.19885
96,2,6.7899,7.8412,1.0512999999999995,1.19,0.23111
97,8,8.178,15.1951,7.017099999999999,1.27,0.4947
98,10,7.6851,18.6913,11.006199999999998,1.28,0.32208
99,12,6.5763,17.4784,10.9021,1.24,0.23111
100,8,8.2081,15.2635,7.055400000000001,1.32,0.40547
101,6,8.0192,17.2183,9.1991,1.25,0.47623
102,10,8.449,17.6482,9.1992,1.25,0.3293
103,8,8.3149,15.3539,7.039,1.22,0.22314
104,6,8.1287,18.2341,10.105400000000001,1.29,0.29267
105,5,8.2519,18.2615,10.009600000000002,1.35,0.34359
106,7,7.3128,13.3771,6.0643,1.3,0.18232
107,3,7.781,9.8152,2.034200000000001,1.27,0.35767
108,11,7.6112,17.6372,10.026,1.35,0.31481
109,7,7.6441,16.5969,8.952800000000002,1.32,0.36464
110,11,8.2437,18.1985,9.954799999999999,1.31,0.58222
111,11,7.6605,17.6728,10.0123,1.34,0.48243
112,4,8.1259,18.0835,9.957600000000001,1.45,0.83291
113,11,8.1013,18.0726,9.971300000000001,1.31,0.58222
114,11,8.0192,17.9767,9.957500000000001,1.35,0.53063
115,1,8.3915,8.3915,0,1.23,0.33647
116,12,6.9678,17.9658,10.998000000000001,1.2,0.157
117,12,6.6858,17.6838,10.998000000000001,1.14,0.22314
118,12,7.0856,18.0561,10.970500000000001,1.25,-0.04082
119,12,7.0637,18.0616,10.997899999999998,1.24,0.19885
120,12,6.5243,17.5195,10.9952,1.18,0.0198
121,12,7.3265,18.3217,10.9952,1.27,0.35066
122,9,7.1759,15.2444,8.0685,1.21,0.29267
123,4,7.5619,13.5688,6.0069,1.26,0.42527
124,7,7.7536,17.7906,10.037000000000003,1.26,0.26236
125,3,8.4052,11.499,3.0938,1.25,0.3293
126,5,8.553,17.6181,9.065099999999997,1.32,0.48243
127,1,7.8877,7.8877,0,1.3,0.48243
128,11,7.551,17.5578,10.0068,1.3,0.44469
129,6,8.4627,18.4914,10.028699999999999,1.22,0.18232
130,1,7.8303,7.8303,0,1.27,0.43178
131,12,7.2471,18.2587,11.011600000000001,1.28,0.157
132,12,6.7023,17.7358,11.0335,1.21,0.19062
133,9,7.2142,16.3723,9.1581,1.22,0.3001
134,12,6.8747,17.8919,11.017199999999999,1.25,0.06766
135,3,6.8638,8.8542,1.9904000000000002,1.26,0.33647
136,8,6.7844,17.7714,10.987,1.25,0.39204
137,11,8.3121,18.2423,9.930200000000001,1.29,0.39204
138,11,8.1232,18.1437,10.020499999999998,1.28,0.31481
139,10,7.9206,17.9384,10.017800000000001,1.39,0.79751
140,7,8.4025,18.4203,10.017800000000001,1.34,0.6471
141,2,7.54,15.6222,8.0822,1.33,0.54232
142,8,8.1259,15.2553,7.1294,1.36,0.58222
143,11,7.9699,17.9932,10.023300000000003,1.21,0.20701
144,11,7.4825,17.5031,10.0206,1.27,0.26236
145,11,7.6906,17.7139,10.023299999999999,1.25,0.21511
146,9,7.9179,17.9411,10.0232,1.2,0.12222
147,2,7.8576,8.8515,0.9939,1.24,0.27003
148,12,7.5428,18.3984,10.855599999999999,1.34,0.54812
149,5,7.5729,12.5284,4.9555,1.23,0.39878
150,10,6.8884,17.7467,10.8583,1.16,0.3001
151,11,7.5209,17.4182,9.897299999999998,1.22,0.19885
152,10,6.8474,17.7139,10.866499999999998,1.21,0.24686
153,8,6.8802,13.7769,6.896699999999999,1.29,0.30748
154,11,8.6078,18.4942,9.8864,1.39,0.51282
155,11,7.5975,17.4949,9.897400000000001,1.23,0.37844
156,11,8.2793,18.2834,10.004100000000001,1.22,0.31481
157,11,8.178,18.1793,10.0013,1.31,0.59333
158,1,8.3039,8.3039,0,1.27,0.33647
159,11,8.1013,18.1027,10.001399999999999,1.28,0.40547
160,11,7.9671,17.8535,9.8864,1.31,0.34359
161,2,8.1013,8.9446,0.8432999999999993,1.33,0.38526
162,8,9.1198,17.0842,7.9643999999999995,1.36,0.41871
163,9,8.5366,16.3915,7.854900000000001,1.27,0.3293
164,9,8.1999,18.2943,10.0944,1.29,0.57098
165,3,6.5572,14.475,7.9178,1.11,0.05827
166,1,8.1396,8.1396,0,1.19,0.14842
167,1,7.5948,7.5948,0,1.21,0.43178
168,6,8.2218,13.2813,5.0595,1.26,0.37844
169,10,7.5893,16.6735,9.084200000000001,1.22,0.19062
170,8,7.0554,18.037,10.9816,1.19,0.23902
171,1,7.3676,7.3676,0,1.22,0.22314
172,7,8.6461,17.6208,8.974699999999999,1.26,0.32208
173,2,6.8966,7.9069,1.0103,1.29,0.21511
174,7,8.627,15.6934,7.0664,1.3,0.3001
175,1,7.9781,7.9781,0,1.41,0.58779
176,2,7.5291,8.5202,0.9911000000000012,1.28,0.55962
177,12,7.321,18.2341,10.913100000000002,1.24,0.41211
178,10,7.2471,18.1218,10.8747,1.18,0.26236
179,2,9.0513,10.0424,0.9911000000000012,1.39,0.60977
180,10,8.501,18.5133,10.012300000000002,1.3,0.37156
181,10,7.8795,17.8727,9.993199999999998,1.21,0.20701
182,11,8.3641,18.3765,10.0124,1.26,0.48243
183,1,8.3477,8.3477,0,1.28,0.44469
184,4,8.3751,18.3025,9.927399999999999,1.3,0.22314
185,9,7.6413,15.603,7.9616999999999996,1.24,0.32208
186,3,12.6242,14.6502,2.026,1.58,1.02245
187,6,7.4333,18.3025,10.8692,1.25,0.50078
188,1,6.7023,6.7023,0,1.26,0.20701
189,11,7.896,17.9055,10.0095,1.29,0.48243
190,5,8.4873,18.412,9.9247,1.36,0.52473
191,3,6.9678,8.9309,1.963099999999999,1.18,0.3293
192,10,6.9432,16.0794,9.136199999999999,1.18,0.23902
193,1,7.3457,7.3457,0,1.23,0.33647
194,12,7.1869,18.1793,10.992400000000002,1.28,0.40547
195,12,6.9405,17.9138,10.973299999999998,1.19,0.19885
196,3,8.3477,10.3107,1.963000000000001,1.33,0.59333
197,1,9.1362,9.1362,0,1.22,-0.69315
198,4,7.5154,17.6235,10.1081,1.19,0.17395
199,11,8.4189,18.4394,10.020499999999998,1.28,0.59333
200,2,8.0767,9.0486,0.9718999999999998,1.26,0.42527
201,4,7.9151,14.9815,7.066400000000001,1.24,0.30748
202,1,7.5784,7.5784,0,1.22,0.24686
203,9,6.7406,14.8227,8.0821,1.17,0.157
204,8,6.8693,17.8426,10.973300000000002,1.27,0.27003
205,1,13.525,13.525,0,1.6,1.04028
206,8,8.2765,15.3374,7.0609,1.33,0.53649
207,9,8.2218,16.3094,8.0876,1.27,0.08618
208,10,7.7153,16.835,9.119700000000002,1.23,0.13976
209,2,10.13,14.1958,4.065799999999999,1.36,0.66783
210,6,7.8658,12.8925,5.0267,1.34,0.45108
211,1,9.1307,9.1307,0,1.28,0.3293
212,9,9.2375,18.2806,9.043099999999999,1.26,0.48858
213,2,8.5558,10.6338,2.078000000000001,1.26,0.46373
214,11,8.0958,18.0945,9.9987,1.37,0.42527
215,1,10.037,10.037,0,1.4,0.56531
216,10,9.1526,18.2149,9.0623,1.34,0.56531
217,4,8.5832,16.5941,8.010900000000001,1.34,0.54232
218,2,8.8077,9.8015,0.9938000000000002,1.29,0.37844
219,11,7.9699,17.9932,10.023300000000003,1.25,0.3001
220,1,8.8953,8.8953,0,1.37,0.41871
221,1,9.2074,9.2074,0,1.42,0.62058
222,1,7.5373,7.5373,0,1.22,0.38526
223,4,8.4928,11.5729,3.0801,1.27,0.10436
224,1,8.3094,8.3094,0,1.24,0.24686
225,2,14.0671,15.0226,0.9555000000000007,1.72,1.36864
226,1,8.3778,8.3778,0,1.24,0.27763
227,1,8.6434,8.6434,0,1.3,0.41211
228,7,9.3498,17.5305,8.1807,1.38,0.54232
229,1,7.4661,7.4661,0,1.14,0.13103
230,6,9.0869,16.0903,7.003399999999999,1.17,0.14842
231,11,7.9562,17.9384,9.982200000000002,1.22,0.20701
232,8,8.7392,15.833,7.0938,1.35,0.54812
233,7,7.6687,13.681,6.012299999999999,1.2,0.33647
234,7,9.3689,18.3025,8.933599999999998,1.27,0.39878
235,3,9.065,11.0856,2.0206,1.3,0.38526
236,7,7.8795,14.9514,7.071899999999999,1.23,0.35767
237,3,8.8296,13.8179,4.988300000000001,1.32,0.23902
238,1,10.0643,10.0643,0,1.34,0.31481
239,1,9.8919,9.8919,0,1.31,0.34359
240,8,8.8296,17.8371,9.0075,1.25,0.26236
241,10,9.0404,18.0808,9.0404,1.36,0.39204
242,6,9.2156,17.2567,8.041099999999998,1.35,0.47623
243,2,9.577,10.7132,1.1362000000000005,1.3,0.57098
244,6,10.1027,15.2361,5.1334,1.4,0.40547
245,9,10.1903,18.2259,8.035599999999999,1.4,0.67803
246,9,9.3881,18.3737,8.9856,1.29,0.41871
247,3,9.9302,14.0096,4.0794000000000015,1.4,0.67803
248,1,9.4511,9.4511,0,1.31,0.43178
249,1,9.2731,9.2731,0,1.34,0.53063
250,2,9.7632,10.8392,1.0760000000000005,1.46,0.63658
251,1,8.9254,8.9254,0,1.36,0.46373
252,10,8.553,17.5797,9.026699999999998,1.37,0.50078
253,6,10.1383,15.2991,5.1608,1.36,0.51282
254,7,9.9548,17.9521,7.997300000000001,1.33,0.51282
255,8,9.358,18.3682,9.010200000000001,1.36,0.57661
256,1,10.7433,10.7433,0,1.38,0.44469
257,2,9.7906,13.87,4.0794,1.39,0.60432
258,2,9.974,11.0007,1.0267,1.37,0.39878
259,5,9.9001,16.052,6.1518999999999995,1.39,0.39878
260,10,9.0185,18.0096,8.9911,1.24,0.37156
261,9,10.110900000000001,18.0726,7.9617000000000004,1.4,0.70804
262,7,8.6626,14.757,6.0944,1.27,0.45108
263,5,8.7529,13.7741,5.0212,1.32,0.51879
264,1,8.8953,8.8953,0,1.36,0.47
265,8,9.232,17.2348,8.0028,1.26,0.61519
266,9,10.4038,18.4148,8.011,1.48,0.67294
267,1,10.4504,10.4504,0,1.52,0.67294
268,5,10.3874,18.3436,7.956199999999999,1.49,0.81978
269,5,10.4914,14.4805,3.9890999999999988,1.36,0.54812
270,8,9.6071,16.7365,7.129399999999999,1.41,0.81536
271,9,9.807,17.8179,8.010900000000001,1.42,0.71784
272,9,8.5804,17.5113,8.9309,1.31,0.64185
273,9,9.6071,18.5873,8.980199999999998,1.33,0.36464
274,3,9.5661,11.666,2.0999,1.4,0.55389
275,8,11.2772,18.2943,7.017099999999999,1.41,0.71295
276,2,11.9097,12.9966,1.0869,1.52,0.67294
277,2,10.5982,11.6879,1.0897000000000006,1.45,0.65752
278,3,11.7016,15.7399,4.038300000000001,1.56,0.97833
279,7,10.5325,17.514,6.981499999999999,1.53,0.63127
280,1,11.2361,11.2361,0,1.39,0.63658
281,5,11.0198,18.037,7.017199999999999,1.43,0.802
282,8,11.165,18.141,6.975999999999999,1.48,0.74669
283,3,10.0726,17.9986,7.926,1.48,0.60432
284,1,9.347,9.347,0,1.45,0.52473
285,7,10.5106,17.4839,6.973299999999998,1.43,0.68813
286,8,10.8227,17.755,6.9323,1.39,0.65752
287,3,10.0041,12.0246,2.0205,1.37,0.55389
288,9,9.6783,17.5387,7.8603999999999985,1.25,0.43178
289,2,10.3107,11.3429,1.0321999999999996,1.35,0.43178
290,6,11.4031,17.347,5.943900000000001,1.44,0.77932
291,4,10.5626,13.4976,2.9350000000000005,1.39,0.51282
292,4,10.4285,14.5106,4.0821000000000005,1.27,0.32208
293,4,10.3463,14.4367,4.090400000000001,1.39,0.35066
294,1,9.807,9.807,0,1.33,0.25464
295,1,12.0055,12.0055,0,1.42,0.45108
296,7,11.8823,17.8207,5.938399999999998,1.59,1.075
297,1,11.8303,11.8303,0,1.52,0.90826
298,3,11.5975,15.5866,3.9891000000000005,1.59,1.06126
299,6,12.9555,17.9904,5.0349,1.57,0.90422
300,7,11.9617,17.8645,5.902799999999999,1.44,0.6831
